{"reward":-10.638652677101181,"_timestamp":1.7769569890049264e+09,"_runtime":58.1805954,"_wandb":{"runtime":58},"_step":340}