{"_timestamp":1.7769572011439471e+09,"_runtime":182.9415041,"_step":3520,"_wandb":{"runtime":182},"reward":-10.284165628628328}