{"_step":4160,"reward":-10.410655870006623,"_timestamp":1.7769578152633152e+09,"_runtime":155.4032448,"_wandb":{"runtime":155}}