{"_runtime":75.0096466,"_step":1420,"_wandb":{"runtime":75},"reward":-10.139409001093671,"_timestamp":1.776957633706879e+09}