{"_timestamp":1.776957498024821e+09,"_runtime":1.5869138999999999,"_step":1,"reward":2,"_wandb":{"runtime":1}}